{"cameraMode":{"drawMode":0,"name":"Shaded","section":"Shading Mode"},"sceneLighting":false,"audioPlay":false,"sceneViewState":{"showFog":false,"showMaterialUpdate":false,"showSkybox":false,"showFlares":false,"showImageEffects":false,"showParticleSystems":false,"showVisualEffectGraphs":true,"m_FxEnabled":false},"in2DMode":false,"pivot":{"x":0.0011548995971679688,"y":1.6143643856048585,"z":1.591450810432434},"rotation":{"x":0.12034428119659424,"y":-0.615408718585968,"z":0.09591901302337647,"w":0.7730849385261536},"size":2.9660251140594484,"orthographic":false}