{"cameraMode":{"drawMode":0,"name":"Shaded","section":"Shading Mode"},"sceneLighting":false,"audioPlay":false,"sceneViewState":{"showFog":false,"showMaterialUpdate":false,"showSkybox":false,"showFlares":false,"showImageEffects":false,"showParticleSystems":false,"showVisualEffectGraphs":true,"m_FxEnabled":true},"in2DMode":false,"pivot":{"x":-0.4234866499900818,"y":17.43855857849121,"z":7.515332221984863},"rotation":{"x":0.0037043660413473846,"y":-0.9900925159454346,"z":0.13751055300235749,"w":0.027330975979566575},"size":13.471624374389649,"orthographic":false}