{"cameraMode":{"drawMode":0,"name":"Shaded","section":"Shading Mode"},"sceneLighting":false,"audioPlay":false,"sceneViewState":{"showFog":false,"showMaterialUpdate":false,"showSkybox":false,"showFlares":false,"showImageEffects":false,"showParticleSystems":false,"showVisualEffectGraphs":true,"m_FxEnabled":false},"in2DMode":false,"pivot":{"x":-3.6570091247558595,"y":0.042601801455020908,"z":6.643768310546875},"rotation":{"x":0.04608718305826187,"y":0.6811597347259522,"z":-0.04289728403091431,"w":0.7294650077819824},"size":0.45109784603118899,"orthographic":false}