{"cameraMode":{"drawMode":0,"name":"Shaded","section":"Shading Mode"},"sceneLighting":false,"audioPlay":false,"sceneViewState":{"showFog":false,"showMaterialUpdate":false,"showSkybox":false,"showFlares":false,"showImageEffects":false,"showParticleSystems":false,"showVisualEffectGraphs":true,"m_FxEnabled":false},"in2DMode":false,"pivot":{"x":-0.676450788974762,"y":-29.496074676513673,"z":115.71529388427735},"rotation":{"x":0.17997252941131593,"y":-0.004073008429259062,"z":0.0008505455334670842,"w":0.9839254021644592},"size":65.21389770507813,"orthographic":false}