{"cameraMode":{"drawMode":0,"name":"Shaded","section":"Shading Mode"},"sceneLighting":true,"audioPlay":false,"sceneViewState":{"showFog":false,"showMaterialUpdate":false,"showSkybox":false,"showFlares":false,"showImageEffects":false,"showParticleSystems":false,"showVisualEffectGraphs":true,"m_FxEnabled":false},"in2DMode":false,"pivot":{"x":1.7354989051818848,"y":-0.012125968933105469,"z":8.819944381713868},"rotation":{"x":0.18215999007225038,"y":0.11736908555030823,"z":-0.021809397265315057,"w":0.9760221838951111},"size":6.009790897369385,"orthographic":false}