{"cameraMode":{"drawMode":0,"name":"Shaded","section":"Shading Mode"},"sceneLighting":false,"audioPlay":false,"sceneViewState":{"showFog":false,"showMaterialUpdate":false,"showSkybox":false,"showFlares":false,"showImageEffects":false,"showParticleSystems":false,"showVisualEffectGraphs":true,"m_FxEnabled":false},"in2DMode":false,"pivot":{"x":-2.9406471252441408,"y":1.0602846145629883,"z":21.19776153564453},"rotation":{"x":0.19818532466888429,"y":0.004097586497664452,"z":-0.0007269560592249036,"w":0.9801859855651856},"size":15.081377983093262,"orthographic":false}