{"cameraMode":{"drawMode":0,"name":"Shaded","section":"Shading Mode"},"sceneLighting":false,"audioPlay":false,"sceneViewState":{"showFog":false,"showMaterialUpdate":false,"showSkybox":false,"showFlares":false,"showImageEffects":false,"showParticleSystems":false,"showVisualEffectGraphs":true,"m_FxEnabled":false},"in2DMode":false,"pivot":{"x":1.3656399250030518,"y":11.873279571533204,"z":-1.7426574230194092},"rotation":{"x":-0.15557251870632173,"y":-0.09436724334955216,"z":0.014865023083984852,"w":-0.9832444787025452},"size":3.9953887462615969,"orthographic":false}