{"cameraMode":{"drawMode":0,"name":"Shaded","section":"Shading Mode"},"sceneLighting":true,"audioPlay":false,"sceneViewState":{"showFog":false,"showMaterialUpdate":false,"showSkybox":false,"showFlares":false,"showImageEffects":false,"showParticleSystems":false,"showVisualEffectGraphs":true,"m_FxEnabled":true},"in2DMode":false,"pivot":{"x":1.0992515087127686,"y":-1.5670948028564454,"z":10.807823181152344},"rotation":{"x":0.12548619508743287,"y":0.05384281650185585,"z":-0.006735282018780708,"w":0.9906013607978821},"size":8.947576522827149,"orthographic":false}