{"cameraMode":{"drawMode":0,"name":"Shaded","section":"Shading Mode"},"sceneLighting":true,"audioPlay":false,"sceneViewState":{"showFog":false,"showMaterialUpdate":false,"showSkybox":false,"showFlares":false,"showImageEffects":false,"showParticleSystems":false,"showVisualEffectGraphs":true,"m_FxEnabled":true},"in2DMode":false,"pivot":{"x":7.924615859985352,"y":1.8735036849975587,"z":-0.36959075927734377},"rotation":{"x":0.2882733941078186,"y":0.09775147587060929,"z":-0.029509712010622026,"w":0.9520730376243591},"size":6.7380876541137699,"orthographic":false}