{"cameraMode":{"drawMode":0,"name":"Shaded","section":"Shading Mode"},"sceneLighting":true,"audioPlay":false,"sceneViewState":{"showFog":false,"showMaterialUpdate":false,"showSkybox":false,"showFlares":false,"showImageEffects":false,"showParticleSystems":false,"showVisualEffectGraphs":true,"m_FxEnabled":false},"in2DMode":false,"pivot":{"x":288.39190673828127,"y":308.43621826171877,"z":15.38043212890625},"rotation":{"x":-0.04888308793306351,"y":0.026512697339057924,"z":-0.0013935540337115527,"w":-0.9986406564712524},"size":373.4654235839844,"orthographic":false}