{"cameraMode":{"drawMode":0,"name":"Shaded","section":"Shading Mode"},"sceneLighting":true,"audioPlay":false,"sceneViewState":{"showFog":false,"showMaterialUpdate":false,"showSkybox":false,"showFlares":false,"showImageEffects":false,"showParticleSystems":false,"showVisualEffectGraphs":true,"m_FxEnabled":true},"in2DMode":false,"pivot":{"x":-0.5090963840484619,"y":-0.009781241416931153,"z":0.515183687210083},"rotation":{"x":-0.25031670928001406,"y":-0.41985559463500979,"z":0.12156368792057038,"w":-0.8638569712638855},"size":2.4272146224975588,"orthographic":false}