{"cameraMode":{"drawMode":0,"name":"Shaded","section":"Shading Mode"},"sceneLighting":true,"audioPlay":false,"sceneViewState":{"showFog":false,"showMaterialUpdate":false,"showSkybox":false,"showFlares":false,"showImageEffects":false,"showParticleSystems":false,"showVisualEffectGraphs":true,"m_FxEnabled":true},"in2DMode":false,"pivot":{"x":0.2419721484184265,"y":4.911864280700684,"z":65.08899688720703},"rotation":{"x":0.05546976998448372,"y":0.009271184913814068,"z":-0.0005122490110807121,"w":0.9984062314033508},"size":14.380274772644043,"orthographic":false}